[
  {
    "id": 1,
    "title": "Dramatische scène uit Olifantman",
    "description": "Een intense moment tijdens onze huidige productie",
    "image": "https://images.unsplash.com/photo-1518156677180-95a2893f3e9f?ixlib=rb-4.0.3&auto=format&fit=crop&w=600&h=400",
    "category": "Producties"
  },
  {
    "id": 6,
    "title": "Kostuums en rekwisieten",
    "description": "De details die elke voorstelling bijzonder maken",
    "image": "https://images.unsplash.com/photo-1578662996442-48f60103fc96?ixlib=rb-4.0.3&auto=format&fit=crop&w=600&h=400",
    "category": "Producties"
  }
]