[
  {
    "id": 1,
    "title": "Dramatische scène uit Olifantman",
    "description": "Een intense moment tijdens onze huidige productie",
    "image": "https://images.unsplash.com/photo-1518156677180-95a2893f3e9f?ixlib=rb-4.0.3&auto=format&fit=crop&w=600&h=400",
    "category": "Producties"
  },
  {
    "id": 2,
    "title": "Sfeervolle belichting",
    "description": "Prachtige lichteffecten tijdens een voorstelling",
    "image": "https://images.unsplash.com/photo-1534777367038-9404f45b869a?ixlib=rb-4.0.3&auto=format&fit=crop&w=600&h=400",
    "category": "Techniek"
  },
  {
    "id": 3,
    "title": "Enthousiast applaus",
    "description": "Het publiek toont waardering na een geslaagde voorstelling",
    "image": "https://images.unsplash.com/photo-1493225457124-a3eb161ffa5f?ixlib=rb-4.0.3&auto=format&fit=crop&w=600&h=400",
    "category": "Publiek"
  },
  {
    "id": 4,
    "title": "Backstage voorbereiding",
    "description": "De cast bereidt zich voor achter de schermen",
    "image": "https://images.unsplash.com/photo-1507003211169-0a1dd7228f2d?ixlib=rb-4.0.3&auto=format&fit=crop&w=600&h=400",
    "category": "Backstage"
  },
  {
    "id": 5,
    "title": "Repetitie moment",
    "description": "Intensieve repetities voor de perfecte uitvoering",
    "image": "https://images.unsplash.com/photo-1518611012118-696072aa579a?ixlib=rb-4.0.3&auto=format&fit=crop&w=600&h=400",
    "category": "Repetities"
  },
  {
    "id": 6,
    "title": "Kostuums en rekwisieten",
    "description": "De details die elke voorstelling bijzonder maken",
    "image": "https://images.unsplash.com/photo-1578662996442-48f60103fc96?ixlib=rb-4.0.3&auto=format&fit=crop&w=600&h=400",
    "category": "Producties"
  }
]