{
  "id": 2,
  "title": "Toneelgroep De Valk wint regionale theaterprijs",
  "excerpt": "Wij zijn trots om te melden dat onze groep is erkend voor 'Beste Community Theater Productie 2024'.",
  "content": "De regionale theaterjury heeft ons geëerd met de prestigieuze prijs voor beste gemeenschapstheater van het jaar. Deze erkenning toont aan dat onze inzet voor kwaliteitstheater wordt gewaardeerd door zowel het publiek als de vakjury.",
  "date": "5 December 2024",
  "category": "Prijzen",
  "featured": true
}