{
  "id": 1,
  "title": "Olifantman première groot succes",
  "excerpt": "De première van onze nieuwste productie werd enthousiast ontvangen door publiek en pers.",
  "content": "De première van Olifantman op zaterdag 14 december was een overweldigend succes. Het publiek was zichtbaar geroerd door de krachtige voorstelling over moed en vriendschap. De cast ontving een minutenlange staande ovatie. De voorstelling toont hoe we onze innerlijke kracht kunnen vinden en onze grootste angsten kunnen overwinnen.",
  "date": "15 December 2024",
  "category": "Nieuws",
  "featured": true
}